year,cutoff,zone,municipalities,muni_names,resident_labour_force,mean_contained,labour_weighted_contained
1980,0.98,69,1,檜山振興局奥尻町,1874,0.9994663820704376,0.9994663820704376
1980,0.98,70,1,宗谷総合振興局礼文町,2261,1,1
1980,0.98,71,2,宗谷総合振興局利尻町; 宗谷総合振興局利尻富士町,4461,0.9997868712702472,0.9997758350145707
1980,0.98,354,1,大島支庁大島町,4374,0.9970278920896205,0.9970278920896205
1980,0.98,355,1,大島支庁利島村,144,1,1
1980,0.98,356,1,大島支庁新島村,1304,0.9992331288343558,0.9992331288343558
1980,0.98,357,1,大島支庁神津島村,837,1,1
1980,0.98,358,1,三宅支庁三宅村,1754,0.9971493728620296,0.9971493728620296
1980,0.98,359,1,三宅支庁御蔵島村,112,1,1
1980,0.98,360,1,八丈支庁八丈町,4057,0.9972886369238353,0.9972886369238353
1980,0.98,361,1,八丈支庁青ヶ島村,85,1,1
1980,0.98,362,1,小笠原支庁小笠原村,762,0.9986876640419947,0.9986876640419947
1980,0.98,363,1,佐渡市,40045,0.996379073542265,0.996379073542265
1980,0.98,364,1,岩船郡粟島浦村,302,1,1
1980,0.98,365,1,隠岐郡海士町,1359,0.9602649006622517,0.9602649006622517
1980,0.98,366,1,隠岐郡西ノ島町,1776,0.9836711711711712,0.9836711711711712
1980,0.98,367,1,隠岐郡知夫村,383,0.9712793733681462,0.9712793733681462
1980,0.98,368,1,隠岐郡隠岐の島町,8372,0.9959388437649307,0.9959388437649307
1980,0.98,369,1,豊田郡大崎上島町,5626,0.882332029861358,0.882332029861358
1980,0.98,370,2,小豆郡土庄町; 小豆郡小豆島町,17957,0.9704428901450268,0.970540736203152
1980,0.98,371,1,香川郡直島町,2081,0.9207111965401249,0.9207111965401249
1980,0.98,372,1,越智郡上島町,4329,0.6029106029106029,0.6029106029106029
1980,0.98,373,1,対馬市,18450,0.9994037940379403,0.9994037940379403
1980,0.98,374,1,壱岐市,15113,0.9964269172235823,0.9964269172235823
1980,0.98,375,1,五島市,20595,0.9834425831512503,0.9834425831512503
1980,0.98,376,1,北松浦郡小値賀町,1929,0.9891135303265941,0.9891135303265941
1980,0.98,377,1,南松浦郡新上五島町,11836,0.9798918553565393,0.9798918553565393
1980,0.98,378,1,東国東郡姫島村,1273,0.9772191673212883,0.9772191673212883
1980,0.98,379,1,西之表市,9134,0.9925552879351872,0.9925552879351872
1980,0.98,380,2,熊毛郡中種子町; 熊毛郡南種子町,8428,0.9898381826463735,0.9887280493592786
1980,0.98,381,3,奄美市; 大島郡大和村; 大島郡龍郷町,23392,0.987177884042191,0.9963662790697675
1980,0.98,382,1,大島郡宇検村,849,0.9858657243816255,0.9858657243816255
1980,0.98,383,1,大島郡瀬戸内町,4544,0.9953785211267606,0.9953785211267606
1980,0.98,384,1,鹿児島郡三島村,176,1,1
1980,0.98,385,1,鹿児島郡十島村,371,0.9973045822102425,0.9973045822102425
1980,0.98,386,1,熊毛郡屋久島町,5479,0.9996349698850155,0.9996349698850155
1980,0.98,387,1,大島郡喜界町,3341,0.9985034420832086,0.9985034420832086
1980,0.98,388,3,大島郡徳之島町; 大島郡天城町; 大島郡伊仙町,10805,0.9998713495432909,0.9999074502545118
1980,0.98,389,2,大島郡和泊町; 大島郡知名町,6335,0.9998554495518936,0.9998421468034727
1980,0.98,390,1,大島郡与論町,2538,1,1
1980,0.98,393,1,石垣市,13839,0.9969650986342944,0.9969650986342944
1980,0.98,394,1,宮古島市,19082,0.9974321349963317,0.9974321349963317
1980,0.98,395,1,国頭郡伊江村,1898,1,1
1980,0.98,396,1,島尻郡渡嘉敷村,358,1,1
1980,0.98,397,1,島尻郡座間味村,313,0.987220447284345,0.987220447284345
1980,0.98,398,1,島尻郡粟国村,260,1,1
1980,0.98,399,1,島尻郡渡名喜村,203,0.9605911330049262,0.9605911330049262
1980,0.98,400,1,島尻郡南大東村,727,1,1
1980,0.98,401,1,島尻郡北大東村,310,1,1
1980,0.98,402,1,島尻郡伊平屋村,533,0.9962476547842402,0.9962476547842402
1980,0.98,403,1,島尻郡伊是名村,693,0.9971139971139971,0.9971139971139971
1980,0.98,404,1,島尻郡久米島町,3451,1,1
1980,0.98,405,1,宮古郡多良間村,520,0.9980769230769231,0.9980769230769231
1980,0.98,406,1,八重山郡竹富町,1529,0.9908436886854153,0.9908436886854153
1980,0.98,407,1,八重山郡与那国町,673,1,1
1980,0.977,73,1,檜山振興局奥尻町,1874,0.9994663820704376,0.9994663820704376
1980,0.977,74,1,宗谷総合振興局礼文町,2261,1,1
1980,0.977,75,1,宗谷総合振興局利尻町,2346,0.9906223358908781,0.9906223358908781
1980,0.977,76,1,宗谷総合振興局利尻富士町,2115,0.9891252955082742,0.9891252955082742
1980,0.977,387,1,大島支庁大島町,4374,0.9970278920896205,0.9970278920896205
1980,0.977,388,1,大島支庁利島村,144,1,1
1980,0.977,389,1,大島支庁新島村,1304,0.9992331288343558,0.9992331288343558
1980,0.977,390,1,大島支庁神津島村,837,1,1
1980,0.977,391,1,三宅支庁三宅村,1754,0.9971493728620296,0.9971493728620296
1980,0.977,392,1,三宅支庁御蔵島村,112,1,1
1980,0.977,393,1,八丈支庁八丈町,4057,0.9972886369238353,0.9972886369238353
1980,0.977,394,1,八丈支庁青ヶ島村,85,1,1
1980,0.977,395,1,小笠原支庁小笠原村,762,0.9986876640419947,0.9986876640419947
1980,0.977,396,1,佐渡市,40045,0.996379073542265,0.996379073542265
1980,0.977,397,1,岩船郡粟島浦村,302,1,1
1980,0.977,398,1,隠岐郡海士町,1359,0.9602649006622517,0.9602649006622517
1980,0.977,399,1,隠岐郡西ノ島町,1776,0.9836711711711712,0.9836711711711712
1980,0.977,400,1,隠岐郡知夫村,383,0.9712793733681462,0.9712793733681462
1980,0.977,401,1,隠岐郡隠岐の島町,8372,0.9959388437649307,0.9959388437649307
1980,0.977,402,1,豊田郡大崎上島町,5626,0.882332029861358,0.882332029861358
1980,0.977,403,2,小豆郡土庄町; 小豆郡小豆島町,17957,0.9704428901450268,0.970540736203152
1980,0.977,404,1,香川郡直島町,2081,0.9207111965401249,0.9207111965401249
1980,0.977,405,1,越智郡上島町,4329,0.6029106029106029,0.6029106029106029
1980,0.977,406,1,対馬市,18450,0.9994037940379403,0.9994037940379403
1980,0.977,407,1,壱岐市,15113,0.9964269172235823,0.9964269172235823
1980,0.977,408,1,五島市,20595,0.9834425831512503,0.9834425831512503
1980,0.977,409,1,北松浦郡小値賀町,1929,0.9891135303265941,0.9891135303265941
1980,0.977,410,1,南松浦郡新上五島町,11836,0.9798918553565393,0.9798918553565393
1980,0.977,411,1,東国東郡姫島村,1273,0.9772191673212883,0.9772191673212883
1980,0.977,412,1,西之表市,9134,0.9925552879351872,0.9925552879351872
1980,0.977,413,2,熊毛郡中種子町; 熊毛郡南種子町,8428,0.9898381826463735,0.9887280493592786
1980,0.977,414,3,奄美市; 大島郡大和村; 大島郡龍郷町,23392,0.987177884042191,0.9963662790697675
1980,0.977,415,1,大島郡宇検村,849,0.9858657243816255,0.9858657243816255
1980,0.977,416,1,大島郡瀬戸内町,4544,0.9953785211267606,0.9953785211267606
1980,0.977,417,1,鹿児島郡三島村,176,1,1
1980,0.977,418,1,鹿児島郡十島村,371,0.9973045822102425,0.9973045822102425
1980,0.977,419,1,熊毛郡屋久島町,5479,0.9996349698850155,0.9996349698850155
1980,0.977,420,1,大島郡喜界町,3341,0.9985034420832086,0.9985034420832086
1980,0.977,421,3,大島郡徳之島町; 大島郡天城町; 大島郡伊仙町,10805,0.9998713495432909,0.9999074502545118
1980,0.977,422,2,大島郡和泊町; 大島郡知名町,6335,0.9998554495518936,0.9998421468034727
1980,0.977,423,1,大島郡与論町,2538,1,1
1980,0.977,427,1,石垣市,13839,0.9969650986342944,0.9969650986342944
1980,0.977,428,1,宮古島市,19082,0.9974321349963317,0.9974321349963317
1980,0.977,429,1,国頭郡伊江村,1898,1,1
1980,0.977,430,1,島尻郡渡嘉敷村,358,1,1
1980,0.977,431,1,島尻郡座間味村,313,0.987220447284345,0.987220447284345
1980,0.977,432,1,島尻郡粟国村,260,1,1
1980,0.977,433,1,島尻郡渡名喜村,203,0.9605911330049262,0.9605911330049262
1980,0.977,434,1,島尻郡南大東村,727,1,1
1980,0.977,435,1,島尻郡北大東村,310,1,1
1980,0.977,436,1,島尻郡伊平屋村,533,0.9962476547842402,0.9962476547842402
1980,0.977,437,1,島尻郡伊是名村,693,0.9971139971139971,0.9971139971139971
1980,0.977,438,1,島尻郡久米島町,3451,1,1
1980,0.977,439,1,宮古郡多良間村,520,0.9980769230769231,0.9980769230769231
1980,0.977,440,1,八重山郡竹富町,1529,0.9908436886854153,0.9908436886854153
1980,0.977,441,1,八重山郡与那国町,673,1,1
1985,0.98,64,1,檜山振興局奥尻町,1761,0.986939239068711,0.986939239068711
1985,0.98,65,1,宗谷総合振興局礼文町,2423,1,1
1985,0.98,66,2,宗谷総合振興局利尻町; 宗谷総合振興局利尻富士町,4216,0.9988187154717891,0.9988140417457305
1985,0.98,320,1,大島支庁大島町,4129,0.9975781060789537,0.9975781060789537
1985,0.98,321,1,大島支庁利島村,155,1,1
1985,0.98,322,1,大島支庁新島村,1360,1,1
1985,0.98,323,1,大島支庁神津島村,928,1,1
1985,0.98,324,1,三宅支庁三宅村,1747,0.9988551803091014,0.9988551803091014
1985,0.98,325,1,三宅支庁御蔵島村,94,1,1
1985,0.98,326,1,八丈支庁八丈町,3975,0.999245283018868,0.999245283018868
1985,0.98,327,1,八丈支庁青ヶ島村,117,0.9829059829059829,0.9829059829059829
1985,0.98,328,1,小笠原支庁小笠原村,1026,0.9990253411306043,0.9990253411306043
1985,0.98,329,1,佐渡市,37602,0.9938301154193926,0.9938301154193926
1985,0.98,330,1,岩船郡粟島浦村,172,0.9941860465116279,0.9941860465116279
1985,0.98,331,1,隠岐郡海士町,1235,0.8809716599190284,0.8809716599190284
1985,0.98,332,1,隠岐郡西ノ島町,1704,0.9184272300469484,0.9184272300469484
1985,0.98,333,1,隠岐郡知夫村,327,0.8929663608562691,0.8929663608562691
1985,0.98,334,1,隠岐郡隠岐の島町,7846,0.9672444557736426,0.9672444557736426
1985,0.98,335,1,豊田郡大崎上島町,5083,0.8955341333857958,0.8955341333857958
1985,0.98,336,2,小豆郡土庄町; 小豆郡小豆島町,16821,0.9603440952202726,0.9605849830568932
1985,0.98,337,1,香川郡直島町,1933,0.9384376616658044,0.9384376616658044
1985,0.98,338,1,越智郡上島町,4082,0.5710436060754532,0.5710436060754532
1985,0.98,339,1,対馬市,17687,0.9972296036637078,0.9972296036637078
1985,0.98,340,1,壱岐市,14698,0.994489046128725,0.994489046128725
1985,0.98,341,1,五島市,19609,0.9702687541435056,0.9702687541435056
1985,0.98,342,1,北松浦郡小値賀町,1685,0.9572700296735905,0.9572700296735905
1985,0.98,343,1,南松浦郡新上五島町,11476,0.9432729173928198,0.9432729173928198
1985,0.98,344,1,東国東郡姫島村,1346,0.9487369985141159,0.9487369985141159
1985,0.98,345,3,西之表市; 熊毛郡中種子町; 熊毛郡南種子町,18880,0.9985227828273732,0.9984639830508475
1985,0.98,346,4,奄美市; 大島郡大和村; 大島郡宇検村; 大島郡龍郷町,24243,0.9955631002574664,0.9976075568205255
1985,0.98,347,1,大島郡瀬戸内町,4283,0.9911277142190054,0.9911277142190054
1985,0.98,348,1,鹿児島郡三島村,194,1,1
1985,0.98,349,1,鹿児島郡十島村,347,0.9971181556195965,0.9971181556195965
1985,0.98,350,1,熊毛郡屋久島町,5175,0.9998067632850242,0.9998067632850242
1985,0.98,351,1,大島郡喜界町,3488,0.997993119266055,0.997993119266055
1985,0.98,352,3,大島郡徳之島町; 大島郡天城町; 大島郡伊仙町,10781,0.9998001998001999,0.9997217326778592
1985,0.98,353,2,大島郡和泊町; 大島郡知名町,5938,0.9998416719442685,0.9998315931289997
1985,0.98,354,1,大島郡与論町,2288,0.9986888111888111,0.9986888111888111
1985,0.98,357,1,石垣市,15368,0.9974622592399792,0.9974622592399792
1985,0.98,358,1,宮古島市,19325,0.991875808538163,0.991875808538163
1985,0.98,359,1,国頭郡伊江村,1847,1,1
1985,0.98,360,1,島尻郡渡嘉敷村,317,1,1
1985,0.98,361,1,島尻郡座間味村,256,0.99609375,0.99609375
1985,0.98,362,1,島尻郡粟国村,280,1,1
1985,0.98,363,1,島尻郡渡名喜村,215,0.9906976744186047,0.9906976744186047
1985,0.98,364,1,島尻郡南大東村,713,1,1
1985,0.98,365,1,島尻郡北大東村,271,1,1
1985,0.98,366,1,島尻郡伊平屋村,536,1,1
1985,0.98,367,1,島尻郡伊是名村,731,0.9986320109439124,0.9986320109439124
1985,0.98,368,1,島尻郡久米島町,3696,0.9983766233766234,0.9983766233766234
1985,0.98,369,1,宮古郡多良間村,598,0.9916387959866221,0.9916387959866221
1985,0.98,370,1,八重山郡竹富町,1529,0.9810333551340745,0.9810333551340745
1985,0.98,371,1,八重山郡与那国町,768,1,1
1985,0.977,68,1,檜山振興局奥尻町,1761,0.986939239068711,0.986939239068711
1985,0.977,69,1,宗谷総合振興局礼文町,2423,1,1
1985,0.977,70,2,宗谷総合振興局利尻町; 宗谷総合振興局利尻富士町,4216,0.9988187154717891,0.9988140417457305
1985,0.977,344,1,大島支庁大島町,4129,0.9975781060789537,0.9975781060789537
1985,0.977,345,1,大島支庁利島村,155,1,1
1985,0.977,346,1,大島支庁新島村,1360,1,1
1985,0.977,347,1,大島支庁神津島村,928,1,1
1985,0.977,348,1,三宅支庁三宅村,1747,0.9988551803091014,0.9988551803091014
1985,0.977,349,1,三宅支庁御蔵島村,94,1,1
1985,0.977,350,1,八丈支庁八丈町,3975,0.999245283018868,0.999245283018868
1985,0.977,351,1,八丈支庁青ヶ島村,117,0.9829059829059829,0.9829059829059829
1985,0.977,352,1,小笠原支庁小笠原村,1026,0.9990253411306043,0.9990253411306043
1985,0.977,353,1,佐渡市,37602,0.9938301154193926,0.9938301154193926
1985,0.977,354,1,岩船郡粟島浦村,172,0.9941860465116279,0.9941860465116279
1985,0.977,355,1,隠岐郡海士町,1235,0.8809716599190284,0.8809716599190284
1985,0.977,356,1,隠岐郡西ノ島町,1704,0.9184272300469484,0.9184272300469484
1985,0.977,357,1,隠岐郡知夫村,327,0.8929663608562691,0.8929663608562691
1985,0.977,358,1,隠岐郡隠岐の島町,7846,0.9672444557736426,0.9672444557736426
1985,0.977,359,1,豊田郡大崎上島町,5083,0.8955341333857958,0.8955341333857958
1985,0.977,360,2,小豆郡土庄町; 小豆郡小豆島町,16821,0.9603440952202726,0.9605849830568932
1985,0.977,361,1,香川郡直島町,1933,0.9384376616658044,0.9384376616658044
1985,0.977,362,1,越智郡上島町,4082,0.5710436060754532,0.5710436060754532
1985,0.977,363,1,対馬市,17687,0.9972296036637078,0.9972296036637078
1985,0.977,364,1,壱岐市,14698,0.994489046128725,0.994489046128725
1985,0.977,365,1,五島市,19609,0.9702687541435056,0.9702687541435056
1985,0.977,366,1,北松浦郡小値賀町,1685,0.9572700296735905,0.9572700296735905
1985,0.977,367,1,南松浦郡新上五島町,11476,0.9432729173928198,0.9432729173928198
1985,0.977,368,1,東国東郡姫島村,1346,0.9487369985141159,0.9487369985141159
1985,0.977,369,1,西之表市,9499,0.9887356563848826,0.9887356563848826
1985,0.977,370,2,熊毛郡中種子町; 熊毛郡南種子町,9381,0.9872141670265298,0.9864619976548342
1985,0.977,371,3,奄美市; 大島郡大和村; 大島郡龍郷町,23405,0.9817185997729743,0.9957701345866268
1985,0.977,372,1,大島郡宇検村,838,0.9856801909307876,0.9856801909307876
1985,0.977,373,1,大島郡瀬戸内町,4283,0.9911277142190054,0.9911277142190054
1985,0.977,374,1,鹿児島郡三島村,194,1,1
1985,0.977,375,1,鹿児島郡十島村,347,0.9971181556195965,0.9971181556195965
1985,0.977,376,1,熊毛郡屋久島町,5175,0.9998067632850242,0.9998067632850242
1985,0.977,377,1,大島郡喜界町,3488,0.997993119266055,0.997993119266055
1985,0.977,378,3,大島郡徳之島町; 大島郡天城町; 大島郡伊仙町,10781,0.9998001998001999,0.9997217326778592
1985,0.977,379,2,大島郡和泊町; 大島郡知名町,5938,0.9998416719442685,0.9998315931289997
1985,0.977,380,1,大島郡与論町,2288,0.9986888111888111,0.9986888111888111
1985,0.977,384,1,石垣市,15368,0.9974622592399792,0.9974622592399792
1985,0.977,385,1,宮古島市,19325,0.991875808538163,0.991875808538163
1985,0.977,386,1,国頭郡伊江村,1847,1,1
1985,0.977,387,1,島尻郡渡嘉敷村,317,1,1
1985,0.977,388,1,島尻郡座間味村,256,0.99609375,0.99609375
1985,0.977,389,1,島尻郡粟国村,280,1,1
1985,0.977,390,1,島尻郡渡名喜村,215,0.9906976744186047,0.9906976744186047
1985,0.977,391,1,島尻郡南大東村,713,1,1
1985,0.977,392,1,島尻郡北大東村,271,1,1
1985,0.977,393,1,島尻郡伊平屋村,536,1,1
1985,0.977,394,1,島尻郡伊是名村,731,0.9986320109439124,0.9986320109439124
1985,0.977,395,1,島尻郡久米島町,3696,0.9983766233766234,0.9983766233766234
1985,0.977,396,1,宮古郡多良間村,598,0.9916387959866221,0.9916387959866221
1985,0.977,397,1,八重山郡竹富町,1529,0.9810333551340745,0.9810333551340745
1985,0.977,398,1,八重山郡与那国町,768,1,1
1990,0.98,57,1,檜山振興局奥尻町,1531,1,1
1990,0.98,58,1,宗谷総合振興局礼文町,2248,1,1
1990,0.98,59,2,宗谷総合振興局利尻町; 宗谷総合振興局利尻富士町,3834,0.9997387669801463,0.9997391757955139
1990,0.98,283,1,大島支庁大島町,4027,0.9997516761857462,0.9997516761857462
1990,0.98,284,1,大島支庁利島村,161,1,1
1990,0.98,285,1,大島支庁新島村,1409,0.9978708303761533,0.9978708303761533
1990,0.98,286,1,大島支庁神津島村,912,1,1
1990,0.98,287,1,三宅支庁三宅村,1636,0.9969437652811736,0.9969437652811736
1990,0.98,288,1,三宅支庁御蔵島村,96,1,1
1990,0.98,289,1,八丈支庁八丈町,3885,0.9992277992277993,0.9992277992277993
1990,0.98,290,1,八丈支庁青ヶ島村,112,1,1
1990,0.98,291,1,小笠原支庁小笠原村,1000,1,1
1990,0.98,292,1,佐渡市,36836,0.9966880225866,0.9966880225866
1990,0.98,293,1,岩船郡粟島浦村,268,0.996268656716418,0.996268656716418
1990,0.98,294,1,隠岐郡海士町,1162,0.9216867469879518,0.9216867469879518
1990,0.98,295,1,隠岐郡西ノ島町,1610,0.9472049689440993,0.9472049689440993
1990,0.98,296,1,隠岐郡知夫村,286,0.9125874125874126,0.9125874125874126
1990,0.98,297,1,隠岐郡隠岐の島町,7709,0.985860682319367,0.985860682319367
1990,0.98,298,1,豊田郡大崎上島町,4342,0.891524643021649,0.891524643021649
1990,0.98,299,2,小豆郡土庄町; 小豆郡小豆島町,16290,0.9651848069685618,0.9652547575199509
1990,0.98,300,1,香川郡直島町,1798,0.9482758620689655,0.9482758620689655
1990,0.98,301,1,越智郡上島町,3371,0.6701275585879561,0.6701275585879561
1990,0.98,302,1,対馬市,17722,0.9986457510439002,0.9986457510439002
1990,0.98,303,1,壱岐市,14563,0.995193298084186,0.995193298084186
1990,0.98,304,1,五島市,18509,0.9787670862823491,0.9787670862823491
1990,0.98,305,1,北松浦郡小値賀町,1566,0.9648786717752235,0.9648786717752235
1990,0.98,306,1,南松浦郡新上五島町,10537,0.9560595995065009,0.9560595995065009
1990,0.98,307,1,東国東郡姫島村,1255,0.9617529880478087,0.9617529880478087
1990,0.98,308,3,西之表市; 熊毛郡中種子町; 熊毛郡南種子町,15778,0.9984646323343697,0.9979718595512739
1990,0.98,309,4,奄美市; 大島郡大和村; 大島郡宇検村; 大島郡龍郷町,21969,0.9931865068804651,0.9943101643224543
1990,0.98,310,1,大島郡瀬戸内町,4108,0.9892891918208374,0.9892891918208374
1990,0.98,311,1,鹿児島郡三島村,167,0.9940119760479041,0.9940119760479041
1990,0.98,312,1,鹿児島郡十島村,333,1,1
1990,0.98,313,1,熊毛郡屋久島町,5217,0.9992332758290206,0.9992332758290206
1990,0.98,314,1,大島郡喜界町,2994,0.9956579826319305,0.9956579826319305
1990,0.98,315,3,大島郡徳之島町; 大島郡天城町; 大島郡伊仙町,9934,0.9968379758302901,0.9973827259915442
1990,0.98,316,2,大島郡和泊町; 大島郡知名町,5841,0.99968671679198,0.9996575928779319
1990,0.98,317,1,大島郡与論町,2272,0.9977992957746479,0.9977992957746479
1990,0.98,320,1,石垣市,16160,0.9969059405940595,0.9969059405940595
1990,0.98,321,1,宮古島市,19712,0.9952313311688312,0.9952313311688312
1990,0.98,322,1,国頭郡伊江村,2018,1,1
1990,0.98,323,1,島尻郡渡嘉敷村,269,1,1
1990,0.98,324,1,島尻郡座間味村,348,1,1
1990,0.98,325,1,島尻郡粟国村,304,1,1
1990,0.98,326,1,島尻郡渡名喜村,178,0.9775280898876404,0.9775280898876404
1990,0.98,327,1,島尻郡南大東村,619,1,1
1990,0.98,328,1,島尻郡北大東村,250,1,1
1990,0.98,329,1,島尻郡伊平屋村,504,0.9940476190476191,0.9940476190476191
1990,0.98,330,1,島尻郡伊是名村,677,1,1
1990,0.98,331,1,島尻郡久米島町,3734,0.9997321906802357,0.9997321906802357
1990,0.98,332,1,宮古郡多良間村,636,0.9984276729559748,0.9984276729559748
1990,0.98,333,1,八重山郡竹富町,1660,0.9963855421686747,0.9963855421686747
1990,0.98,334,1,八重山郡与那国町,708,1,1
1990,0.977,59,1,檜山振興局奥尻町,1531,1,1
1990,0.977,60,1,宗谷総合振興局礼文町,2248,1,1
1990,0.977,61,2,宗谷総合振興局利尻町; 宗谷総合振興局利尻富士町,3834,0.9997387669801463,0.9997391757955139
1990,0.977,309,1,大島支庁大島町,4027,0.9997516761857462,0.9997516761857462
1990,0.977,310,1,大島支庁利島村,161,1,1
1990,0.977,311,1,大島支庁新島村,1409,0.9978708303761533,0.9978708303761533
1990,0.977,312,1,大島支庁神津島村,912,1,1
1990,0.977,313,1,三宅支庁三宅村,1636,0.9969437652811736,0.9969437652811736
1990,0.977,314,1,三宅支庁御蔵島村,96,1,1
1990,0.977,315,1,八丈支庁八丈町,3885,0.9992277992277993,0.9992277992277993
1990,0.977,316,1,八丈支庁青ヶ島村,112,1,1
1990,0.977,317,1,小笠原支庁小笠原村,1000,1,1
1990,0.977,318,1,佐渡市,36836,0.9966880225866,0.9966880225866
1990,0.977,319,1,岩船郡粟島浦村,268,0.996268656716418,0.996268656716418
1990,0.977,320,1,隠岐郡海士町,1162,0.9216867469879518,0.9216867469879518
1990,0.977,321,1,隠岐郡西ノ島町,1610,0.9472049689440993,0.9472049689440993
1990,0.977,322,1,隠岐郡知夫村,286,0.9125874125874126,0.9125874125874126
1990,0.977,323,1,隠岐郡隠岐の島町,7709,0.985860682319367,0.985860682319367
1990,0.977,324,1,豊田郡大崎上島町,4342,0.891524643021649,0.891524643021649
1990,0.977,325,2,小豆郡土庄町; 小豆郡小豆島町,16290,0.9651848069685618,0.9652547575199509
1990,0.977,326,1,香川郡直島町,1798,0.9482758620689655,0.9482758620689655
1990,0.977,327,1,越智郡上島町,3371,0.6701275585879561,0.6701275585879561
1990,0.977,328,1,対馬市,17722,0.9986457510439002,0.9986457510439002
1990,0.977,329,1,壱岐市,14563,0.995193298084186,0.995193298084186
1990,0.977,330,1,五島市,18509,0.9787670862823491,0.9787670862823491
1990,0.977,331,1,北松浦郡小値賀町,1566,0.9648786717752235,0.9648786717752235
1990,0.977,332,1,南松浦郡新上五島町,10537,0.9560595995065009,0.9560595995065009
1990,0.977,333,1,東国東郡姫島村,1255,0.9617529880478087,0.9617529880478087
1990,0.977,334,3,西之表市; 熊毛郡中種子町; 熊毛郡南種子町,15778,0.9984646323343697,0.9979718595512739
1990,0.977,335,4,奄美市; 大島郡大和村; 大島郡宇検村; 大島郡龍郷町,21969,0.9931865068804651,0.9943101643224543
1990,0.977,336,1,大島郡瀬戸内町,4108,0.9892891918208374,0.9892891918208374
1990,0.977,337,1,鹿児島郡三島村,167,0.9940119760479041,0.9940119760479041
1990,0.977,338,1,鹿児島郡十島村,333,1,1
1990,0.977,339,1,熊毛郡屋久島町,5217,0.9992332758290206,0.9992332758290206
1990,0.977,340,1,大島郡喜界町,2994,0.9956579826319305,0.9956579826319305
1990,0.977,341,3,大島郡徳之島町; 大島郡天城町; 大島郡伊仙町,9934,0.9968379758302901,0.9973827259915442
1990,0.977,342,2,大島郡和泊町; 大島郡知名町,5841,0.99968671679198,0.9996575928779319
1990,0.977,343,1,大島郡与論町,2272,0.9977992957746479,0.9977992957746479
1990,0.977,346,1,石垣市,16160,0.9969059405940595,0.9969059405940595
1990,0.977,347,1,宮古島市,19712,0.9952313311688312,0.9952313311688312
1990,0.977,348,1,国頭郡伊江村,2018,1,1
1990,0.977,349,1,島尻郡渡嘉敷村,269,1,1
1990,0.977,350,1,島尻郡座間味村,348,1,1
1990,0.977,351,1,島尻郡粟国村,304,1,1
1990,0.977,352,1,島尻郡渡名喜村,178,0.9775280898876404,0.9775280898876404
1990,0.977,353,1,島尻郡南大東村,619,1,1
1990,0.977,354,1,島尻郡北大東村,250,1,1
1990,0.977,355,1,島尻郡伊平屋村,504,0.9940476190476191,0.9940476190476191
1990,0.977,356,1,島尻郡伊是名村,677,1,1
1990,0.977,357,1,島尻郡久米島町,3734,0.9997321906802357,0.9997321906802357
1990,0.977,358,1,宮古郡多良間村,636,0.9984276729559748,0.9984276729559748
1990,0.977,359,1,八重山郡竹富町,1660,0.9963855421686747,0.9963855421686747
1990,0.977,360,1,八重山郡与那国町,708,1,1
1995,0.98,50,1,檜山振興局奥尻町,1741,0.9977024698449167,0.9977024698449167
1995,0.98,51,1,宗谷総合振興局礼文町,2042,1,1
1995,0.98,52,2,宗谷総合振興局利尻町; 宗谷総合振興局利尻富士町,3642,0.9989146099475681,0.9989017023613399
1995,0.98,264,1,大島支庁大島町,4104,1,1
1995,0.98,265,1,大島支庁利島村,197,1,1
1995,0.98,266,1,大島支庁新島村,1311,0.9992372234935164,0.9992372234935164
1995,0.98,267,1,大島支庁神津島村,949,0.9989462592202318,0.9989462592202318
1995,0.98,268,1,三宅支庁三宅村,1681,0.9982153480071386,0.9982153480071386
1995,0.98,269,1,三宅支庁御蔵島村,106,1,1
1995,0.98,270,1,八丈支庁八丈町,4032,0.9982638888888888,0.9982638888888888
1995,0.98,271,1,八丈支庁青ヶ島村,140,0.9928571428571429,0.9928571428571429
1995,0.98,272,1,小笠原支庁小笠原村,1304,1,1
1995,0.98,273,1,佐渡市,35539,0.9967922563943836,0.9967922563943836
1995,0.98,274,1,岩船郡粟島浦村,318,1,1
1995,0.98,275,1,隠岐郡海士町,1157,0.9403630077787382,0.9403630077787382
1995,0.98,276,1,隠岐郡西ノ島町,1517,0.970995385629532,0.970995385629532
1995,0.98,277,1,隠岐郡知夫村,292,0.9691780821917808,0.9691780821917808
1995,0.98,278,1,隠岐郡隠岐の島町,7508,0.9896110815130528,0.9896110815130528
1995,0.98,279,1,豊田郡大崎上島町,4130,0.9004842615012106,0.9004842615012106
1995,0.98,280,2,小豆郡土庄町; 小豆郡小豆島町,15986,0.9631638853411495,0.9635305892656074
1995,0.98,281,1,香川郡直島町,1594,0.9360100376411543,0.9360100376411543
1995,0.98,282,1,越智郡上島町,3246,0.6623536660505237,0.6623536660505237
1995,0.98,283,1,対馬市,17808,0.998259209344115,0.998259209344115
1995,0.98,284,1,壱岐市,14045,0.9948024207903169,0.9948024207903169
1995,0.98,285,1,五島市,17819,0.9822100005611987,0.9822100005611987
1995,0.98,286,1,北松浦郡小値賀町,1466,0.975443383356071,0.975443383356071
1995,0.98,287,1,南松浦郡新上五島町,10346,0.9493524067272375,0.9493524067272375
1995,0.98,288,1,東国東郡姫島村,1206,0.9477611940298507,0.9477611940298507
1995,0.98,289,3,西之表市; 熊毛郡中種子町; 熊毛郡南種子町,14702,0.9976844811135854,0.9970072099034145
1995,0.98,290,4,奄美市; 大島郡大和村; 大島郡宇検村; 大島郡龍郷町,22562,0.9926087783431872,0.9923322400496409
1995,0.98,291,1,大島郡瀬戸内町,4169,0.9896857759654594,0.9896857759654594
1995,0.98,292,1,鹿児島郡三島村,215,1,1
1995,0.98,293,1,鹿児島郡十島村,298,1,1
1995,0.98,294,1,熊毛郡屋久島町,5376,0.9986979166666666,0.9986979166666666
1995,0.98,295,1,大島郡喜界町,3046,0.9996717005909389,0.9996717005909389
1995,0.98,296,3,大島郡徳之島町; 大島郡天城町; 大島郡伊仙町,9762,0.99957310565635,0.9993853718500307
1995,0.98,297,2,大島郡和泊町; 大島郡知名町,5819,0.9990418396678378,0.9989688949991408
1995,0.98,298,1,大島郡与論町,2199,0.9959072305593452,0.9959072305593452
1995,0.98,301,1,石垣市,16738,0.9964750866292269,0.9964750866292269
1995,0.98,302,1,宮古島市,20618,0.9957318847608886,0.9957318847608886
1995,0.98,303,1,国頭郡伊江村,2027,1,1
1995,0.98,304,1,島尻郡渡嘉敷村,291,0.9965635738831615,0.9965635738831615
1995,0.98,305,1,島尻郡座間味村,427,0.9976580796252927,0.9976580796252927
1995,0.98,306,1,島尻郡粟国村,260,0.9846153846153847,0.9846153846153847
1995,0.98,307,1,島尻郡渡名喜村,292,0.9965753424657534,0.9965753424657534
1995,0.98,308,1,島尻郡南大東村,742,1,1
1995,0.98,309,1,島尻郡北大東村,315,1,1
1995,0.98,310,1,島尻郡伊平屋村,512,1,1
1995,0.98,311,1,島尻郡伊是名村,737,0.9905020352781547,0.9905020352781547
1995,0.98,312,1,島尻郡久米島町,3678,0.9997281131049484,0.9997281131049484
1995,0.98,313,1,宮古郡多良間村,594,1,1
1995,0.98,314,1,八重山郡竹富町,1578,0.9949302915082383,0.9949302915082383
1995,0.98,315,1,八重山郡与那国町,746,0.9959785522788204,0.9959785522788204
1995,0.977,52,1,檜山振興局奥尻町,1741,0.9977024698449167,0.9977024698449167
1995,0.977,53,1,宗谷総合振興局礼文町,2042,1,1
1995,0.977,54,2,宗谷総合振興局利尻町; 宗谷総合振興局利尻富士町,3642,0.9989146099475681,0.9989017023613399
1995,0.977,284,1,大島支庁大島町,4104,1,1
1995,0.977,285,1,大島支庁利島村,197,1,1
1995,0.977,286,1,大島支庁新島村,1311,0.9992372234935164,0.9992372234935164
1995,0.977,287,1,大島支庁神津島村,949,0.9989462592202318,0.9989462592202318
1995,0.977,288,1,三宅支庁三宅村,1681,0.9982153480071386,0.9982153480071386
1995,0.977,289,1,三宅支庁御蔵島村,106,1,1
1995,0.977,290,1,八丈支庁八丈町,4032,0.9982638888888888,0.9982638888888888
1995,0.977,291,1,八丈支庁青ヶ島村,140,0.9928571428571429,0.9928571428571429
1995,0.977,292,1,小笠原支庁小笠原村,1304,1,1
1995,0.977,293,1,佐渡市,35539,0.9967922563943836,0.9967922563943836
1995,0.977,294,1,岩船郡粟島浦村,318,1,1
1995,0.977,295,1,隠岐郡海士町,1157,0.9403630077787382,0.9403630077787382
1995,0.977,296,1,隠岐郡西ノ島町,1517,0.970995385629532,0.970995385629532
1995,0.977,297,1,隠岐郡知夫村,292,0.9691780821917808,0.9691780821917808
1995,0.977,298,1,隠岐郡隠岐の島町,7508,0.9896110815130528,0.9896110815130528
1995,0.977,299,1,豊田郡大崎上島町,4130,0.9004842615012106,0.9004842615012106
1995,0.977,300,2,小豆郡土庄町; 小豆郡小豆島町,15986,0.9631638853411495,0.9635305892656074
1995,0.977,301,1,香川郡直島町,1594,0.9360100376411543,0.9360100376411543
1995,0.977,302,1,越智郡上島町,3246,0.6623536660505237,0.6623536660505237
1995,0.977,303,1,対馬市,17808,0.998259209344115,0.998259209344115
1995,0.977,304,1,壱岐市,14045,0.9948024207903169,0.9948024207903169
1995,0.977,305,1,五島市,17819,0.9822100005611987,0.9822100005611987
1995,0.977,306,1,北松浦郡小値賀町,1466,0.975443383356071,0.975443383356071
1995,0.977,307,1,南松浦郡新上五島町,10346,0.9493524067272375,0.9493524067272375
1995,0.977,308,1,東国東郡姫島村,1206,0.9477611940298507,0.9477611940298507
1995,0.977,309,3,西之表市; 熊毛郡中種子町; 熊毛郡南種子町,14702,0.9976844811135854,0.9970072099034145
1995,0.977,310,4,奄美市; 大島郡大和村; 大島郡宇検村; 大島郡龍郷町,22562,0.9926087783431872,0.9923322400496409
1995,0.977,311,1,大島郡瀬戸内町,4169,0.9896857759654594,0.9896857759654594
1995,0.977,312,1,鹿児島郡三島村,215,1,1
1995,0.977,313,1,鹿児島郡十島村,298,1,1
1995,0.977,314,1,熊毛郡屋久島町,5376,0.9986979166666666,0.9986979166666666
1995,0.977,315,1,大島郡喜界町,3046,0.9996717005909389,0.9996717005909389
1995,0.977,316,3,大島郡徳之島町; 大島郡天城町; 大島郡伊仙町,9762,0.99957310565635,0.9993853718500307
1995,0.977,317,2,大島郡和泊町; 大島郡知名町,5819,0.9990418396678378,0.9989688949991408
1995,0.977,318,1,大島郡与論町,2199,0.9959072305593452,0.9959072305593452
1995,0.977,321,1,石垣市,16738,0.9964750866292269,0.9964750866292269
1995,0.977,322,1,宮古島市,20618,0.9957318847608886,0.9957318847608886
1995,0.977,323,1,国頭郡伊江村,2027,1,1
1995,0.977,324,1,島尻郡渡嘉敷村,291,0.9965635738831615,0.9965635738831615
1995,0.977,325,1,島尻郡座間味村,427,0.9976580796252927,0.9976580796252927
1995,0.977,326,1,島尻郡粟国村,260,0.9846153846153847,0.9846153846153847
1995,0.977,327,1,島尻郡渡名喜村,292,0.9965753424657534,0.9965753424657534
1995,0.977,328,1,島尻郡南大東村,742,1,1
1995,0.977,329,1,島尻郡北大東村,315,1,1
1995,0.977,330,1,島尻郡伊平屋村,512,1,1
1995,0.977,331,1,島尻郡伊是名村,737,0.9905020352781547,0.9905020352781547
1995,0.977,332,1,島尻郡久米島町,3678,0.9997281131049484,0.9997281131049484
1995,0.977,333,1,宮古郡多良間村,594,1,1
1995,0.977,334,1,八重山郡竹富町,1578,0.9949302915082383,0.9949302915082383
1995,0.977,335,1,八重山郡与那国町,746,0.9959785522788204,0.9959785522788204
2000,0.98,49,1,檜山振興局奥尻町,1589,0.9949653870358716,0.9949653870358716
2000,0.98,50,1,宗谷総合振興局礼文町,1851,1,1
2000,0.98,51,2,宗谷総合振興局利尻町; 宗谷総合振興局利尻富士町,3048,0.9990378447722899,0.9990157480314961
2000,0.98,242,1,大島支庁大島町,3718,0.9967724583109199,0.9967724583109199
2000,0.98,243,1,大島支庁利島村,171,1,1
2000,0.98,244,1,大島支庁新島村,1296,0.9922839506172839,0.9922839506172839
2000,0.98,245,1,大島支庁神津島村,854,0.9941451990632318,0.9941451990632318
2000,0.98,246,1,三宅支庁御蔵島村,160,1,1
2000,0.98,247,1,八丈支庁八丈町,4032,0.9977678571428571,0.9977678571428571
2000,0.98,248,1,八丈支庁青ヶ島村,114,1,1
2000,0.98,249,1,小笠原支庁小笠原村,1344,0.9992559523809523,0.9992559523809523
2000,0.98,250,1,佐渡市,33105,0.9987313094698685,0.9987313094698685
2000,0.98,251,1,岩船郡粟島浦村,320,1,1
2000,0.98,252,1,隠岐郡海士町,1008,0.9434523809523809,0.9434523809523809
2000,0.98,253,1,隠岐郡西ノ島町,1508,0.9694960212201591,0.9694960212201591
2000,0.98,254,1,隠岐郡知夫村,254,0.9724409448818898,0.9724409448818898
2000,0.98,255,1,隠岐郡隠岐の島町,7500,0.9949333333333333,0.9949333333333333
2000,0.98,256,1,豊田郡大崎上島町,3701,0.9105647122399352,0.9105647122399352
2000,0.98,257,2,小豆郡土庄町; 小豆郡小豆島町,14347,0.9672137958723463,0.9671708371088032
2000,0.98,258,1,香川郡直島町,1394,0.9461979913916786,0.9461979913916786
2000,0.98,259,1,越智郡上島町,2857,0.6835841792089604,0.6835841792089604
2000,0.98,260,1,対馬市,16883,0.9993484570277794,0.9993484570277794
2000,0.98,261,1,壱岐市,13828,0.9925513450969048,0.9925513450969048
2000,0.98,262,1,五島市,17199,0.9861619861619861,0.9861619861619861
2000,0.98,263,1,北松浦郡小値賀町,1299,0.9799846035411856,0.9799846035411856
2000,0.98,264,1,南松浦郡新上五島町,9242,0.9508764336723653,0.9508764336723653
2000,0.98,265,1,東国東郡姫島村,1082,0.9149722735674677,0.9149722735674677
2000,0.98,266,3,西之表市; 熊毛郡中種子町; 熊毛郡南種子町,15347,0.9986510774292185,0.9986316543949958
2000,0.98,267,4,奄美市; 大島郡大和村; 大島郡宇検村; 大島郡龍郷町,21986,0.9924907143482469,0.9925861912125898
2000,0.98,268,1,大島郡瀬戸内町,4041,0.9873793615441723,0.9873793615441723
2000,0.98,269,1,鹿児島郡三島村,222,1,1
2000,0.98,270,1,鹿児島郡十島村,288,1,1
2000,0.98,271,1,熊毛郡屋久島町,5558,0.998380712486506,0.998380712486506
2000,0.98,272,1,大島郡喜界町,3134,0.9990427568602425,0.9990427568602425
2000,0.98,273,3,大島郡徳之島町; 大島郡天城町; 大島郡伊仙町,9460,0.9997110870350306,0.9995771670190274
2000,0.98,274,2,大島郡和泊町; 大島郡知名町,5945,0.9995046018074273,0.9994953742640875
2000,0.98,275,1,大島郡与論町,2306,0.9978317432784042,0.9978317432784042
2000,0.98,278,1,石垣市,17360,0.9961981566820276,0.9961981566820276
2000,0.98,279,1,宮古島市,21350,0.9997189695550351,0.9997189695550351
2000,0.98,280,1,国頭郡伊江村,2107,0.9990507831039392,0.9990507831039392
2000,0.98,281,1,島尻郡渡嘉敷村,334,1,1
2000,0.98,282,1,島尻郡座間味村,445,1,1
2000,0.98,283,1,島尻郡粟国村,327,0.9938837920489296,0.9938837920489296
2000,0.98,284,1,島尻郡渡名喜村,223,1,1
2000,0.98,285,1,島尻郡南大東村,802,1,1
2000,0.98,286,1,島尻郡北大東村,393,1,1
2000,0.98,287,1,島尻郡伊平屋村,649,1,1
2000,0.98,288,1,島尻郡伊是名村,618,0.9967637540453075,0.9967637540453075
2000,0.98,289,1,島尻郡久米島町,3419,0.999122550453349,0.999122550453349
2000,0.98,290,1,宮古郡多良間村,607,0.9983525535420099,0.9983525535420099
2000,0.98,291,1,八重山郡竹富町,1693,0.9952746603662138,0.9952746603662138
2000,0.98,292,1,八重山郡与那国町,832,0.9975961538461539,0.9975961538461539
2000,0.977,50,1,檜山振興局奥尻町,1589,0.9949653870358716,0.9949653870358716
2000,0.977,51,1,宗谷総合振興局礼文町,1851,1,1
2000,0.977,52,2,宗谷総合振興局利尻町; 宗谷総合振興局利尻富士町,3048,0.9990378447722899,0.9990157480314961
2000,0.977,263,1,大島支庁大島町,3718,0.9967724583109199,0.9967724583109199
2000,0.977,264,1,大島支庁利島村,171,1,1
2000,0.977,265,1,大島支庁新島村,1296,0.9922839506172839,0.9922839506172839
2000,0.977,266,1,大島支庁神津島村,854,0.9941451990632318,0.9941451990632318
2000,0.977,267,1,三宅支庁御蔵島村,160,1,1
2000,0.977,268,1,八丈支庁八丈町,4032,0.9977678571428571,0.9977678571428571
2000,0.977,269,1,八丈支庁青ヶ島村,114,1,1
2000,0.977,270,1,小笠原支庁小笠原村,1344,0.9992559523809523,0.9992559523809523
2000,0.977,271,1,佐渡市,33105,0.9987313094698685,0.9987313094698685
2000,0.977,272,1,岩船郡粟島浦村,320,1,1
2000,0.977,273,1,隠岐郡海士町,1008,0.9434523809523809,0.9434523809523809
2000,0.977,274,1,隠岐郡西ノ島町,1508,0.9694960212201591,0.9694960212201591
2000,0.977,275,1,隠岐郡知夫村,254,0.9724409448818898,0.9724409448818898
2000,0.977,276,1,隠岐郡隠岐の島町,7500,0.9949333333333333,0.9949333333333333
2000,0.977,277,1,豊田郡大崎上島町,3701,0.9105647122399352,0.9105647122399352
2000,0.977,278,2,小豆郡土庄町; 小豆郡小豆島町,14347,0.9672137958723463,0.9671708371088032
2000,0.977,279,1,香川郡直島町,1394,0.9461979913916786,0.9461979913916786
2000,0.977,280,1,越智郡上島町,2857,0.6835841792089604,0.6835841792089604
2000,0.977,281,1,対馬市,16883,0.9993484570277794,0.9993484570277794
2000,0.977,282,1,壱岐市,13828,0.9925513450969048,0.9925513450969048
2000,0.977,283,1,五島市,17199,0.9861619861619861,0.9861619861619861
2000,0.977,284,1,北松浦郡小値賀町,1299,0.9799846035411856,0.9799846035411856
2000,0.977,285,1,南松浦郡新上五島町,9242,0.9508764336723653,0.9508764336723653
2000,0.977,286,1,東国東郡姫島村,1082,0.9149722735674677,0.9149722735674677
2000,0.977,287,3,西之表市; 熊毛郡中種子町; 熊毛郡南種子町,15347,0.9986510774292185,0.9986316543949958
2000,0.977,288,4,奄美市; 大島郡大和村; 大島郡宇検村; 大島郡龍郷町,21986,0.9924907143482469,0.9925861912125898
2000,0.977,289,1,大島郡瀬戸内町,4041,0.9873793615441723,0.9873793615441723
2000,0.977,290,1,鹿児島郡三島村,222,1,1
2000,0.977,291,1,鹿児島郡十島村,288,1,1
2000,0.977,292,1,熊毛郡屋久島町,5558,0.998380712486506,0.998380712486506
2000,0.977,293,1,大島郡喜界町,3134,0.9990427568602425,0.9990427568602425
2000,0.977,294,3,大島郡徳之島町; 大島郡天城町; 大島郡伊仙町,9460,0.9997110870350306,0.9995771670190274
2000,0.977,295,2,大島郡和泊町; 大島郡知名町,5945,0.9995046018074273,0.9994953742640875
2000,0.977,296,1,大島郡与論町,2306,0.9978317432784042,0.9978317432784042
2000,0.977,299,1,石垣市,17360,0.9961981566820276,0.9961981566820276
2000,0.977,300,1,宮古島市,21350,0.9997189695550351,0.9997189695550351
2000,0.977,301,1,国頭郡伊江村,2107,0.9990507831039392,0.9990507831039392
2000,0.977,302,1,島尻郡渡嘉敷村,334,1,1
2000,0.977,303,1,島尻郡座間味村,445,1,1
2000,0.977,304,1,島尻郡粟国村,327,0.9938837920489296,0.9938837920489296
2000,0.977,305,1,島尻郡渡名喜村,223,1,1
2000,0.977,306,1,島尻郡南大東村,802,1,1
2000,0.977,307,1,島尻郡北大東村,393,1,1
2000,0.977,308,1,島尻郡伊平屋村,649,1,1
2000,0.977,309,1,島尻郡伊是名村,618,0.9967637540453075,0.9967637540453075
2000,0.977,310,1,島尻郡久米島町,3419,0.999122550453349,0.999122550453349
2000,0.977,311,1,宮古郡多良間村,607,0.9983525535420099,0.9983525535420099
2000,0.977,312,1,八重山郡竹富町,1693,0.9952746603662138,0.9952746603662138
2000,0.977,313,1,八重山郡与那国町,832,0.9975961538461539,0.9975961538461539
2005,0.98,42,1,檜山振興局奥尻町,1496,1,1
2005,0.98,43,1,宗谷総合振興局礼文町,1685,0.9994065281899109,0.9994065281899109
2005,0.98,44,2,宗谷総合振興局利尻町; 宗谷総合振興局利尻富士町,2872,0.9996133023975251,0.9996518105849582
2005,0.98,229,1,大島支庁大島町,3549,0.9980276134122288,0.9980276134122288
2005,0.98,230,1,大島支庁利島村,190,1,1
2005,0.98,231,1,大島支庁新島村,1252,0.9992012779552716,0.9992012779552716
2005,0.98,232,1,大島支庁神津島村,850,0.9964705882352941,0.9964705882352941
2005,0.98,233,1,三宅支庁三宅村,1068,0.99812734082397,0.99812734082397
2005,0.98,234,1,三宅支庁御蔵島村,136,0.9926470588235294,0.9926470588235294
2005,0.98,235,1,八丈支庁八丈町,3605,0.9980582524271845,0.9980582524271845
2005,0.98,236,1,八丈支庁青ヶ島村,125,1,1
2005,0.98,237,1,小笠原支庁小笠原村,1241,1,1
2005,0.98,238,1,佐渡市,30485,0.9978021978021978,0.9978021978021978
2005,0.98,239,1,岩船郡粟島浦村,245,0.9959183673469387,0.9959183673469387
2005,0.98,240,1,隠岐郡海士町,989,0.9565217391304348,0.9565217391304348
2005,0.98,241,1,隠岐郡西ノ島町,758,0.9604221635883905,0.9604221635883905
2005,0.98,242,1,隠岐郡知夫村,259,0.9575289575289575,0.9575289575289575
2005,0.98,243,1,隠岐郡隠岐の島町,6921,0.9945094639502962,0.9945094639502962
2005,0.98,244,1,豊田郡大崎上島町,3358,0.913936867182847,0.913936867182847
2005,0.98,245,2,小豆郡土庄町; 小豆郡小豆島町,13094,0.9635998534117984,0.9638002138383993
2005,0.98,246,1,香川郡直島町,1345,0.9613382899628253,0.9613382899628253
2005,0.98,247,1,越智郡上島町,2854,0.7126839523475823,0.7126839523475823
2005,0.98,248,1,対馬市,15041,0.9985373312944618,0.9985373312944618
2005,0.98,249,1,壱岐市,12591,0.9894368993725677,0.9894368993725677
2005,0.98,250,1,五島市,15817,0.9891256243282545,0.9891256243282545
2005,0.98,251,1,北松浦郡小値賀町,1152,0.9826388888888888,0.9826388888888888
2005,0.98,252,1,南松浦郡新上五島町,8278,0.9590480792461947,0.9590480792461947
2005,0.98,253,1,東国東郡姫島村,944,0.8358050847457628,0.8358050847457628
2005,0.98,254,3,西之表市; 熊毛郡中種子町; 熊毛郡南種子町,14729,0.9986670968694896,0.9983705614773576
2005,0.98,255,5,奄美市; 大島郡大和村; 大島郡宇検村; 大島郡瀬戸内町; 大島郡龍郷町,24844,0.9982882436786432,0.9967799066172919
2005,0.98,256,1,鹿児島郡三島村,185,0.9891891891891892,0.9891891891891892
2005,0.98,257,1,鹿児島郡十島村,278,1,1
2005,0.98,258,1,熊毛郡屋久島町,5445,0.9985307621671258,0.9985307621671258
2005,0.98,259,1,大島郡喜界町,3073,1,1
2005,0.98,260,3,大島郡徳之島町; 大島郡天城町; 大島郡伊仙町,9303,0.9992785229559974,0.9991400623454799
2005,0.98,261,2,大島郡和泊町; 大島郡知名町,6034,0.9993063332525861,0.9993370898243288
2005,0.98,262,1,大島郡与論町,2252,0.9951154529307282,0.9951154529307282
2005,0.98,265,1,石垣市,18479,0.9909627144325992,0.9909627144325992
2005,0.98,266,1,宮古島市,20496,0.997316549570648,0.997316549570648
2005,0.98,267,1,国頭郡伊江村,1985,0.9949622166246851,0.9949622166246851
2005,0.98,268,1,島尻郡渡嘉敷村,347,0.9971181556195965,0.9971181556195965
2005,0.98,269,1,島尻郡座間味村,502,0.99800796812749,0.99800796812749
2005,0.98,270,1,島尻郡粟国村,305,0.9934426229508196,0.9934426229508196
2005,0.98,271,1,島尻郡渡名喜村,165,1,1
2005,0.98,272,1,島尻郡南大東村,769,1,1
2005,0.98,273,1,島尻郡北大東村,317,1,1
2005,0.98,274,1,島尻郡伊平屋村,579,0.9758203799654577,0.9758203799654577
2005,0.98,275,1,島尻郡伊是名村,701,0.9985734664764622,0.9985734664764622
2005,0.98,276,1,島尻郡久米島町,3680,0.9997282608695652,0.9997282608695652
2005,0.98,277,1,宮古郡多良間村,553,0.9927667269439421,0.9927667269439421
2005,0.98,278,1,八重山郡竹富町,2187,0.9981710105166895,0.9981710105166895
2005,0.98,279,1,八重山郡与那国町,903,0.9955703211517165,0.9955703211517165
2005,0.977,44,1,檜山振興局奥尻町,1496,1,1
2005,0.977,45,1,宗谷総合振興局礼文町,1685,0.9994065281899109,0.9994065281899109
2005,0.977,46,2,宗谷総合振興局利尻町; 宗谷総合振興局利尻富士町,2872,0.9996133023975251,0.9996518105849582
2005,0.977,242,1,大島支庁大島町,3549,0.9980276134122288,0.9980276134122288
2005,0.977,243,1,大島支庁利島村,190,1,1
2005,0.977,244,1,大島支庁新島村,1252,0.9992012779552716,0.9992012779552716
2005,0.977,245,1,大島支庁神津島村,850,0.9964705882352941,0.9964705882352941
2005,0.977,246,1,三宅支庁三宅村,1068,0.99812734082397,0.99812734082397
2005,0.977,247,1,三宅支庁御蔵島村,136,0.9926470588235294,0.9926470588235294
2005,0.977,248,1,八丈支庁八丈町,3605,0.9980582524271845,0.9980582524271845
2005,0.977,249,1,八丈支庁青ヶ島村,125,1,1
2005,0.977,250,1,小笠原支庁小笠原村,1241,1,1
2005,0.977,251,1,佐渡市,30485,0.9978021978021978,0.9978021978021978
2005,0.977,252,1,岩船郡粟島浦村,245,0.9959183673469387,0.9959183673469387
2005,0.977,253,1,隠岐郡海士町,989,0.9565217391304348,0.9565217391304348
2005,0.977,254,1,隠岐郡西ノ島町,758,0.9604221635883905,0.9604221635883905
2005,0.977,255,1,隠岐郡知夫村,259,0.9575289575289575,0.9575289575289575
2005,0.977,256,1,隠岐郡隠岐の島町,6921,0.9945094639502962,0.9945094639502962
2005,0.977,257,1,豊田郡大崎上島町,3358,0.913936867182847,0.913936867182847
2005,0.977,258,2,小豆郡土庄町; 小豆郡小豆島町,13094,0.9635998534117984,0.9638002138383993
2005,0.977,259,1,香川郡直島町,1345,0.9613382899628253,0.9613382899628253
2005,0.977,260,1,越智郡上島町,2854,0.7126839523475823,0.7126839523475823
2005,0.977,261,1,対馬市,15041,0.9985373312944618,0.9985373312944618
2005,0.977,262,1,壱岐市,12591,0.9894368993725677,0.9894368993725677
2005,0.977,263,1,五島市,15817,0.9891256243282545,0.9891256243282545
2005,0.977,264,1,北松浦郡小値賀町,1152,0.9826388888888888,0.9826388888888888
2005,0.977,265,1,南松浦郡新上五島町,8278,0.9590480792461947,0.9590480792461947
2005,0.977,266,1,東国東郡姫島村,944,0.8358050847457628,0.8358050847457628
2005,0.977,267,3,西之表市; 熊毛郡中種子町; 熊毛郡南種子町,14729,0.9986670968694896,0.9983705614773576
2005,0.977,268,5,奄美市; 大島郡大和村; 大島郡宇検村; 大島郡瀬戸内町; 大島郡龍郷町,24844,0.9982882436786432,0.9967799066172919
2005,0.977,269,1,鹿児島郡三島村,185,0.9891891891891892,0.9891891891891892
2005,0.977,270,1,鹿児島郡十島村,278,1,1
2005,0.977,271,1,熊毛郡屋久島町,5445,0.9985307621671258,0.9985307621671258
2005,0.977,272,1,大島郡喜界町,3073,1,1
2005,0.977,273,3,大島郡徳之島町; 大島郡天城町; 大島郡伊仙町,9303,0.9992785229559974,0.9991400623454799
2005,0.977,274,2,大島郡和泊町; 大島郡知名町,6034,0.9993063332525861,0.9993370898243288
2005,0.977,275,1,大島郡与論町,2252,0.9951154529307282,0.9951154529307282
2005,0.977,278,1,石垣市,18479,0.9909627144325992,0.9909627144325992
2005,0.977,279,1,宮古島市,20496,0.997316549570648,0.997316549570648
2005,0.977,280,1,国頭郡伊江村,1985,0.9949622166246851,0.9949622166246851
2005,0.977,281,1,島尻郡渡嘉敷村,347,0.9971181556195965,0.9971181556195965
2005,0.977,282,1,島尻郡座間味村,502,0.99800796812749,0.99800796812749
2005,0.977,283,1,島尻郡粟国村,305,0.9934426229508196,0.9934426229508196
2005,0.977,284,1,島尻郡渡名喜村,165,1,1
2005,0.977,285,1,島尻郡南大東村,769,1,1
2005,0.977,286,1,島尻郡北大東村,317,1,1
2005,0.977,287,1,島尻郡伊平屋村,579,0.9758203799654577,0.9758203799654577
2005,0.977,288,1,島尻郡伊是名村,701,0.9985734664764622,0.9985734664764622
2005,0.977,289,1,島尻郡久米島町,3680,0.9997282608695652,0.9997282608695652
2005,0.977,290,1,宮古郡多良間村,553,0.9927667269439421,0.9927667269439421
2005,0.977,291,1,八重山郡竹富町,2187,0.9981710105166895,0.9981710105166895
2005,0.977,292,1,八重山郡与那国町,903,0.9955703211517165,0.9955703211517165
2010,0.98,40,1,檜山振興局奥尻町,1143,0.9991251093613298,0.9991251093613298
2010,0.98,41,1,宗谷総合振興局礼文町,1507,1,1
2010,0.98,42,2,宗谷総合振興局利尻町; 宗谷総合振興局利尻富士町,2623,0.9996323529411765,0.9996187571483035
2010,0.98,218,1,大島支庁大島町,3464,0.996824480369515,0.996824480369515
2010,0.98,219,1,大島支庁利島村,210,1,1
2010,0.98,220,1,大島支庁新島村,1220,0.9975409836065574,0.9975409836065574
2010,0.98,221,1,大島支庁神津島村,814,0.9975429975429976,0.9975429975429976
2010,0.98,222,1,三宅支庁三宅村,1237,0.9975747776879548,0.9975747776879548
2010,0.98,223,1,三宅支庁御蔵島村,202,0.995049504950495,0.995049504950495
2010,0.98,224,1,八丈支庁八丈町,3422,0.9962010520163647,0.9962010520163647
2010,0.98,225,1,八丈支庁青ヶ島村,125,1,1
2010,0.98,226,1,小笠原支庁小笠原村,1275,0.9976470588235294,0.9976470588235294
2010,0.98,227,1,佐渡市,26791,0.997797767907133,0.997797767907133
2010,0.98,228,1,岩船郡粟島浦村,196,1,1
2010,0.98,229,1,隠岐郡海士町,939,0.9488817891373802,0.9488817891373802
2010,0.98,230,1,隠岐郡西ノ島町,691,0.9696092619392185,0.9696092619392185
2010,0.98,231,1,隠岐郡知夫村,210,0.9619047619047619,0.9619047619047619
2010,0.98,232,1,隠岐郡隠岐の島町,6121,0.9941186080705767,0.9941186080705767
2010,0.98,233,1,豊田郡大崎上島町,2883,0.9223031564342699,0.9223031564342699
2010,0.98,234,2,小豆郡土庄町; 小豆郡小豆島町,12062,0.9671355553192444,0.9673354335931023
2010,0.98,235,1,香川郡直島町,1388,0.9646974063400576,0.9646974063400576
2010,0.98,236,1,越智郡上島町,2616,0.7400611620795107,0.7400611620795107
2010,0.98,237,1,対馬市,13135,0.997944423296536,0.997944423296536
2010,0.98,238,1,壱岐市,11567,0.9925650557620818,0.9925650557620818
2010,0.98,239,1,五島市,14307,0.9885370797511708,0.9885370797511708
2010,0.98,240,1,北松浦郡小値賀町,1006,0.9990059642147118,0.9990059642147118
2010,0.98,241,1,南松浦郡新上五島町,7366,0.9454249253326092,0.9454249253326092
2010,0.98,242,1,東国東郡姫島村,809,0.8158220024721878,0.8158220024721878
2010,0.98,243,3,西之表市; 熊毛郡中種子町; 熊毛郡南種子町,13693,0.998463636481209,0.9982472796319287
2010,0.98,244,5,奄美市; 大島郡大和村; 大島郡宇検村; 大島郡瀬戸内町; 大島郡龍郷町,23550,0.9966922272345153,0.9981316348195329
2010,0.98,245,1,鹿児島郡三島村,169,1,1
2010,0.98,246,1,鹿児島郡十島村,297,1,1
2010,0.98,247,1,熊毛郡屋久島町,5534,0.999819298879653,0.999819298879653
2010,0.98,248,1,大島郡喜界町,3035,0.9993410214168039,0.9993410214168039
2010,0.98,249,3,大島郡徳之島町; 大島郡天城町; 大島郡伊仙町,9225,1,1
2010,0.98,250,2,大島郡和泊町; 大島郡知名町,5822,0.9994684356671832,0.9994847131569907
2010,0.98,251,1,大島郡与論町,2092,1,1
2010,0.98,254,1,石垣市,18205,0.9920900851414447,0.9920900851414447
2010,0.98,255,1,宮古島市,20183,0.9992568002774612,0.9992568002774612
2010,0.98,256,1,国頭郡伊江村,1918,0.9947862356621481,0.9947862356621481
2010,0.98,257,1,島尻郡渡嘉敷村,396,0.9974747474747475,0.9974747474747475
2010,0.98,258,1,島尻郡座間味村,403,1,1
2010,0.98,259,1,島尻郡粟国村,288,1,1
2010,0.98,260,1,島尻郡渡名喜村,188,0.9893617021276596,0.9893617021276596
2010,0.98,261,1,島尻郡南大東村,779,0.9974326059050064,0.9974326059050064
2010,0.98,262,1,島尻郡北大東村,414,1,1
2010,0.98,263,1,島尻郡伊平屋村,536,0.9888059701492538,0.9888059701492538
2010,0.98,264,1,島尻郡伊是名村,611,1,1
2010,0.98,265,1,島尻郡久米島町,3482,1,1
2010,0.98,266,1,宮古郡多良間村,566,0.9946996466431095,0.9946996466431095
2010,0.98,267,1,八重山郡竹富町,1878,0.9946751863684771,0.9946751863684771
2010,0.98,268,1,八重山郡与那国町,826,0.9987893462469734,0.9987893462469734
2010,0.977,44,1,檜山振興局奥尻町,1143,0.9991251093613298,0.9991251093613298
2010,0.977,45,1,宗谷総合振興局礼文町,1507,1,1
2010,0.977,46,2,宗谷総合振興局利尻町; 宗谷総合振興局利尻富士町,2623,0.9996323529411765,0.9996187571483035
2010,0.977,233,1,大島支庁大島町,3464,0.996824480369515,0.996824480369515
2010,0.977,234,1,大島支庁利島村,210,1,1
2010,0.977,235,1,大島支庁新島村,1220,0.9975409836065574,0.9975409836065574
2010,0.977,236,1,大島支庁神津島村,814,0.9975429975429976,0.9975429975429976
2010,0.977,237,1,三宅支庁三宅村,1237,0.9975747776879548,0.9975747776879548
2010,0.977,238,1,三宅支庁御蔵島村,202,0.995049504950495,0.995049504950495
2010,0.977,239,1,八丈支庁八丈町,3422,0.9962010520163647,0.9962010520163647
2010,0.977,240,1,八丈支庁青ヶ島村,125,1,1
2010,0.977,241,1,小笠原支庁小笠原村,1275,0.9976470588235294,0.9976470588235294
2010,0.977,242,1,佐渡市,26791,0.997797767907133,0.997797767907133
2010,0.977,243,1,岩船郡粟島浦村,196,1,1
2010,0.977,244,1,隠岐郡海士町,939,0.9488817891373802,0.9488817891373802
2010,0.977,245,1,隠岐郡西ノ島町,691,0.9696092619392185,0.9696092619392185
2010,0.977,246,1,隠岐郡知夫村,210,0.9619047619047619,0.9619047619047619
2010,0.977,247,1,隠岐郡隠岐の島町,6121,0.9941186080705767,0.9941186080705767
2010,0.977,248,1,豊田郡大崎上島町,2883,0.9223031564342699,0.9223031564342699
2010,0.977,249,2,小豆郡土庄町; 小豆郡小豆島町,12062,0.9671355553192444,0.9673354335931023
2010,0.977,250,1,香川郡直島町,1388,0.9646974063400576,0.9646974063400576
2010,0.977,251,1,越智郡上島町,2616,0.7400611620795107,0.7400611620795107
2010,0.977,252,1,対馬市,13135,0.997944423296536,0.997944423296536
2010,0.977,253,1,壱岐市,11567,0.9925650557620818,0.9925650557620818
2010,0.977,254,1,五島市,14307,0.9885370797511708,0.9885370797511708
2010,0.977,255,1,北松浦郡小値賀町,1006,0.9990059642147118,0.9990059642147118
2010,0.977,256,1,南松浦郡新上五島町,7366,0.9454249253326092,0.9454249253326092
2010,0.977,257,1,東国東郡姫島村,809,0.8158220024721878,0.8158220024721878
2010,0.977,258,3,西之表市; 熊毛郡中種子町; 熊毛郡南種子町,13693,0.998463636481209,0.9982472796319287
2010,0.977,259,5,奄美市; 大島郡大和村; 大島郡宇検村; 大島郡瀬戸内町; 大島郡龍郷町,23550,0.9966922272345153,0.9981316348195329
2010,0.977,260,1,鹿児島郡三島村,169,1,1
2010,0.977,261,1,鹿児島郡十島村,297,1,1
2010,0.977,262,1,熊毛郡屋久島町,5534,0.999819298879653,0.999819298879653
2010,0.977,263,1,大島郡喜界町,3035,0.9993410214168039,0.9993410214168039
2010,0.977,264,3,大島郡徳之島町; 大島郡天城町; 大島郡伊仙町,9225,1,1
2010,0.977,265,2,大島郡和泊町; 大島郡知名町,5822,0.9994684356671832,0.9994847131569907
2010,0.977,266,1,大島郡与論町,2092,1,1
2010,0.977,269,1,石垣市,18205,0.9920900851414447,0.9920900851414447
2010,0.977,270,1,宮古島市,20183,0.9992568002774612,0.9992568002774612
2010,0.977,271,1,国頭郡伊江村,1918,0.9947862356621481,0.9947862356621481
2010,0.977,272,1,島尻郡渡嘉敷村,396,0.9974747474747475,0.9974747474747475
2010,0.977,273,1,島尻郡座間味村,403,1,1
2010,0.977,274,1,島尻郡粟国村,288,1,1
2010,0.977,275,1,島尻郡渡名喜村,188,0.9893617021276596,0.9893617021276596
2010,0.977,276,1,島尻郡南大東村,779,0.9974326059050064,0.9974326059050064
2010,0.977,277,1,島尻郡北大東村,414,1,1
2010,0.977,278,1,島尻郡伊平屋村,536,0.9888059701492538,0.9888059701492538
2010,0.977,279,1,島尻郡伊是名村,611,1,1
2010,0.977,280,1,島尻郡久米島町,3482,1,1
2010,0.977,281,1,宮古郡多良間村,566,0.9946996466431095,0.9946996466431095
2010,0.977,282,1,八重山郡竹富町,1878,0.9946751863684771,0.9946751863684771
2010,0.977,283,1,八重山郡与那国町,826,0.9987893462469734,0.9987893462469734
2015,0.98,41,1,檜山振興局奥尻町,1042,0.9971209213051824,0.9971209213051824
2015,0.98,42,1,宗谷総合振興局礼文町,1385,0.9985559566787003,0.9985559566787003
2015,0.98,43,2,宗谷総合振興局利尻町; 宗谷総合振興局利尻富士町,2340,0.9977043158861341,0.9978632478632479
2015,0.98,216,1,大島支庁大島町,3394,0.9952857984678845,0.9952857984678845
2015,0.98,217,1,大島支庁利島村,191,1,1
2015,0.98,218,1,大島支庁新島村,1250,0.9936,0.9936
2015,0.98,219,1,大島支庁神津島村,888,0.9966216216216216,0.9966216216216216
2015,0.98,220,1,三宅支庁三宅村,1217,0.9991783073130649,0.9991783073130649
2015,0.98,221,1,三宅支庁御蔵島村,192,1,1
2015,0.98,222,1,八丈支庁八丈町,3275,0.9969465648854962,0.9969465648854962
2015,0.98,223,1,八丈支庁青ヶ島村,115,1,1
2015,0.98,224,1,小笠原支庁小笠原村,1434,0.99860529986053,0.99860529986053
2015,0.98,225,1,佐渡市,24411,0.9965179632133054,0.9965179632133054
2015,0.98,226,1,岩船郡粟島浦村,180,0.9888888888888889,0.9888888888888889
2015,0.98,227,1,隠岐郡海士町,982,0.9541751527494908,0.9541751527494908
2015,0.98,228,1,隠岐郡西ノ島町,1247,0.9639133921411387,0.9639133921411387
2015,0.98,229,1,隠岐郡知夫村,200,0.935,0.935
2015,0.98,230,1,隠岐郡隠岐の島町,5702,0.9877236057523676,0.9877236057523676
2015,0.98,231,1,豊田郡大崎上島町,2970,0.9222222222222223,0.9222222222222223
2015,0.98,232,2,小豆郡土庄町; 小豆郡小豆島町,11312,0.9676333696184312,0.9677333804809052
2015,0.98,233,1,香川郡直島町,1314,0.971841704718417,0.971841704718417
2015,0.98,234,1,越智郡上島町,2345,0.7539445628997867,0.7539445628997867
2015,0.98,235,1,対馬市,12418,0.9979062650990498,0.9979062650990498
2015,0.98,236,1,壱岐市,11068,0.9876219732562342,0.9876219732562342
2015,0.98,237,1,五島市,13805,0.9876856211517566,0.9876856211517566
2015,0.98,238,1,北松浦郡小値賀町,947,0.9926082365364308,0.9926082365364308
2015,0.98,239,1,南松浦郡新上五島町,6979,0.9441180684911878,0.9441180684911878
2015,0.98,240,1,東国東郡姫島村,735,0.8340136054421768,0.8340136054421768
2015,0.98,241,3,西之表市; 熊毛郡中種子町; 熊毛郡南種子町,13424,0.9979021213554126,0.9974672228843862
2015,0.98,242,5,奄美市; 大島郡大和村; 大島郡宇検村; 大島郡瀬戸内町; 大島郡龍郷町,23381,0.9976750587627241,0.997690432402378
2015,0.98,243,1,鹿児島郡三島村,159,0.9937106918238994,0.9937106918238994
2015,0.98,244,1,鹿児島郡十島村,305,0.9901639344262295,0.9901639344262295
2015,0.98,245,1,熊毛郡屋久島町,5319,0.9979319420943786,0.9979319420943786
2015,0.98,246,1,大島郡喜界町,2937,0.9989785495403473,0.9989785495403473
2015,0.98,247,3,大島郡徳之島町; 大島郡天城町; 大島郡伊仙町,9016,0.9988312201520572,0.998890860692103
2015,0.98,248,2,大島郡和泊町; 大島郡知名町,5751,0.9990155328798462,0.9989567031820553
2015,0.98,249,1,大島郡与論町,2348,0.9982964224872232,0.9982964224872232
2015,0.98,252,1,石垣市,19080,0.9879979035639413,0.9879979035639413
2015,0.98,253,1,宮古島市,19168,0.9967654424040067,0.9967654424040067
2015,0.98,254,1,国頭郡伊江村,1970,0.9949238578680203,0.9949238578680203
2015,0.98,255,1,島尻郡渡嘉敷村,394,0.9898477157360406,0.9898477157360406
2015,0.98,256,1,島尻郡座間味村,452,1,1
2015,0.98,257,1,島尻郡粟国村,322,0.9968944099378882,0.9968944099378882
2015,0.98,258,1,島尻郡渡名喜村,232,1,1
2015,0.98,259,1,島尻郡南大東村,772,0.9922279792746114,0.9922279792746114
2015,0.98,260,1,島尻郡北大東村,380,1,1
2015,0.98,261,1,島尻郡伊平屋村,569,0.9929701230228472,0.9929701230228472
2015,0.98,262,1,島尻郡伊是名村,630,0.9984126984126984,0.9984126984126984
2015,0.98,263,1,島尻郡久米島町,3475,0.999136690647482,0.999136690647482
2015,0.98,264,1,宮古郡多良間村,534,0.9868913857677902,0.9868913857677902
2015,0.98,265,1,八重山郡竹富町,1896,0.9973628691983122,0.9973628691983122
2015,0.98,266,1,八重山郡与那国町,1187,0.9991575400168492,0.9991575400168492
2015,0.977,42,1,檜山振興局奥尻町,1042,0.9971209213051824,0.9971209213051824
2015,0.977,43,1,宗谷総合振興局礼文町,1385,0.9985559566787003,0.9985559566787003
2015,0.977,44,2,宗谷総合振興局利尻町; 宗谷総合振興局利尻富士町,2340,0.9977043158861341,0.9978632478632479
2015,0.977,225,1,大島支庁大島町,3394,0.9952857984678845,0.9952857984678845
2015,0.977,226,1,大島支庁利島村,191,1,1
2015,0.977,227,1,大島支庁新島村,1250,0.9936,0.9936
2015,0.977,228,1,大島支庁神津島村,888,0.9966216216216216,0.9966216216216216
2015,0.977,229,1,三宅支庁三宅村,1217,0.9991783073130649,0.9991783073130649
2015,0.977,230,1,三宅支庁御蔵島村,192,1,1
2015,0.977,231,1,八丈支庁八丈町,3275,0.9969465648854962,0.9969465648854962
2015,0.977,232,1,八丈支庁青ヶ島村,115,1,1
2015,0.977,233,1,小笠原支庁小笠原村,1434,0.99860529986053,0.99860529986053
2015,0.977,234,1,佐渡市,24411,0.9965179632133054,0.9965179632133054
2015,0.977,235,1,岩船郡粟島浦村,180,0.9888888888888889,0.9888888888888889
2015,0.977,236,1,隠岐郡海士町,982,0.9541751527494908,0.9541751527494908
2015,0.977,237,1,隠岐郡西ノ島町,1247,0.9639133921411387,0.9639133921411387
2015,0.977,238,1,隠岐郡知夫村,200,0.935,0.935
2015,0.977,239,1,隠岐郡隠岐の島町,5702,0.9877236057523676,0.9877236057523676
2015,0.977,240,1,豊田郡大崎上島町,2970,0.9222222222222223,0.9222222222222223
2015,0.977,241,2,小豆郡土庄町; 小豆郡小豆島町,11312,0.9676333696184312,0.9677333804809052
2015,0.977,242,1,香川郡直島町,1314,0.971841704718417,0.971841704718417
2015,0.977,243,1,越智郡上島町,2345,0.7539445628997867,0.7539445628997867
2015,0.977,244,1,対馬市,12418,0.9979062650990498,0.9979062650990498
2015,0.977,245,1,壱岐市,11068,0.9876219732562342,0.9876219732562342
2015,0.977,246,1,五島市,13805,0.9876856211517566,0.9876856211517566
2015,0.977,247,1,北松浦郡小値賀町,947,0.9926082365364308,0.9926082365364308
2015,0.977,248,1,南松浦郡新上五島町,6979,0.9441180684911878,0.9441180684911878
2015,0.977,249,1,東国東郡姫島村,735,0.8340136054421768,0.8340136054421768
2015,0.977,250,3,西之表市; 熊毛郡中種子町; 熊毛郡南種子町,13424,0.9979021213554126,0.9974672228843862
2015,0.977,251,5,奄美市; 大島郡大和村; 大島郡宇検村; 大島郡瀬戸内町; 大島郡龍郷町,23381,0.9976750587627241,0.997690432402378
2015,0.977,252,1,鹿児島郡三島村,159,0.9937106918238994,0.9937106918238994
2015,0.977,253,1,鹿児島郡十島村,305,0.9901639344262295,0.9901639344262295
2015,0.977,254,1,熊毛郡屋久島町,5319,0.9979319420943786,0.9979319420943786
2015,0.977,255,1,大島郡喜界町,2937,0.9989785495403473,0.9989785495403473
2015,0.977,256,3,大島郡徳之島町; 大島郡天城町; 大島郡伊仙町,9016,0.9988312201520572,0.998890860692103
2015,0.977,257,2,大島郡和泊町; 大島郡知名町,5751,0.9990155328798462,0.9989567031820553
2015,0.977,258,1,大島郡与論町,2348,0.9982964224872232,0.9982964224872232
2015,0.977,261,1,石垣市,19080,0.9879979035639413,0.9879979035639413
2015,0.977,262,1,宮古島市,19168,0.9967654424040067,0.9967654424040067
2015,0.977,263,1,国頭郡伊江村,1970,0.9949238578680203,0.9949238578680203
2015,0.977,264,1,島尻郡渡嘉敷村,394,0.9898477157360406,0.9898477157360406
2015,0.977,265,1,島尻郡座間味村,452,1,1
2015,0.977,266,1,島尻郡粟国村,322,0.9968944099378882,0.9968944099378882
2015,0.977,267,1,島尻郡渡名喜村,232,1,1
2015,0.977,268,1,島尻郡南大東村,772,0.9922279792746114,0.9922279792746114
2015,0.977,269,1,島尻郡北大東村,380,1,1
2015,0.977,270,1,島尻郡伊平屋村,569,0.9929701230228472,0.9929701230228472
2015,0.977,271,1,島尻郡伊是名村,630,0.9984126984126984,0.9984126984126984
2015,0.977,272,1,島尻郡久米島町,3475,0.999136690647482,0.999136690647482
2015,0.977,273,1,宮古郡多良間村,534,0.9868913857677902,0.9868913857677902
2015,0.977,274,1,八重山郡竹富町,1896,0.9973628691983122,0.9973628691983122
2015,0.977,275,1,八重山郡与那国町,1187,0.9991575400168492,0.9991575400168492
2020,0.98,41,1,檜山振興局奥尻町,984,0.9969512195121951,0.9969512195121951
2020,0.98,42,1,宗谷総合振興局礼文町,1302,1,1
2020,0.98,43,2,宗谷総合振興局利尻町; 宗谷総合振興局利尻富士町,2101,0.9981469152846976,0.9980961446930033
2020,0.98,210,1,大島支庁大島町,3026,0.9943820224719101,0.9943820224719101
2020,0.98,211,1,大島支庁利島村,197,0.9898477157360406,0.9898477157360406
2020,0.98,212,1,大島支庁新島村,1135,0.9964757709251101,0.9964757709251101
2020,0.98,213,1,大島支庁神津島村,877,0.9931584948688712,0.9931584948688712
2020,0.98,214,1,三宅支庁三宅村,1102,0.9981851179673321,0.9981851179673321
2020,0.98,215,1,三宅支庁御蔵島村,183,1,1
2020,0.98,216,1,八丈支庁八丈町,2906,0.996214728148658,0.996214728148658
2020,0.98,217,1,八丈支庁青ヶ島村,114,0.9912280701754386,0.9912280701754386
2020,0.98,218,1,小笠原支庁小笠原村,1449,0.9972394755003451,0.9972394755003451
2020,0.98,219,1,佐渡市,21936,0.9971280087527352,0.9971280087527352
2020,0.98,220,1,岩船郡粟島浦村,179,0.994413407821229,0.994413407821229
2020,0.98,221,1,隠岐郡海士町,975,0.9682051282051282,0.9682051282051282
2020,0.98,222,1,隠岐郡西ノ島町,1151,0.9652476107732406,0.9652476107732406
2020,0.98,223,1,隠岐郡知夫村,252,0.9325396825396826,0.9325396825396826
2020,0.98,224,1,隠岐郡隠岐の島町,5358,0.990481522956327,0.990481522956327
2020,0.98,225,1,豊田郡大崎上島町,2497,0.9315178213856627,0.9315178213856627
2020,0.98,226,2,小豆郡土庄町; 小豆郡小豆島町,10710,0.9702448274822053,0.9705882352941176
2020,0.98,227,1,香川郡直島町,1266,0.9684044233807267,0.9684044233807267
2020,0.98,228,1,越智郡上島町,2269,0.7875716174526223,0.7875716174526223
2020,0.98,229,1,対馬市,11612,0.9981915260075783,0.9981915260075783
2020,0.98,230,1,壱岐市,9845,0.986389029964449,0.986389029964449
2020,0.98,231,1,五島市,12915,0.9904761904761905,0.9904761904761905
2020,0.98,232,1,北松浦郡小値賀町,885,0.9943502824858758,0.9943502824858758
2020,0.98,233,1,南松浦郡新上五島町,6733,0.9518788058814793,0.9518788058814793
2020,0.98,234,1,東国東郡姫島村,629,0.8600953895071543,0.8600953895071543
2020,0.98,235,3,西之表市; 熊毛郡中種子町; 熊毛郡南種子町,12994,0.998416065114609,0.9982299522856704
2020,0.98,236,5,奄美市; 大島郡大和村; 大島郡宇検村; 大島郡瀬戸内町; 大島郡龍郷町,23775,0.9982663613459702,0.9975604626708727
2020,0.98,237,1,鹿児島郡三島村,181,0.994475138121547,0.994475138121547
2020,0.98,238,1,鹿児島郡十島村,313,0.9968051118210862,0.9968051118210862
2020,0.98,239,1,熊毛郡屋久島町,5070,0.9986193293885601,0.9986193293885601
2020,0.98,240,1,大島郡喜界町,2913,0.9972536903535874,0.9972536903535874
2020,0.98,241,3,大島郡徳之島町; 大島郡天城町; 大島郡伊仙町,8977,0.9974010243656616,0.9975492926367383
2020,0.98,242,2,大島郡和泊町; 大島郡知名町,5587,0.998751188494053,0.9987470914623232
2020,0.98,243,1,大島郡与論町,2328,0.9982817869415808,0.9982817869415808
2020,0.98,246,1,石垣市,16344,0.9899045521292217,0.9899045521292217
2020,0.98,247,1,宮古島市,20592,0.9981060606060606,0.9981060606060606
2020,0.98,248,1,国頭郡伊江村,1930,0.9922279792746114,0.9922279792746114
2020,0.98,249,1,島尻郡渡嘉敷村,383,0.9921671018276762,0.9921671018276762
2020,0.98,250,1,島尻郡座間味村,505,0.996039603960396,0.996039603960396
2020,0.98,251,1,島尻郡粟国村,309,0.9805825242718447,0.9805825242718447
2020,0.98,252,1,島尻郡渡名喜村,171,0.9707602339181286,0.9707602339181286
2020,0.98,253,1,島尻郡南大東村,750,0.9906666666666667,0.9906666666666667
2020,0.98,254,1,島尻郡北大東村,379,1,1
2020,0.98,255,1,島尻郡伊平屋村,589,0.9932088285229203,0.9932088285229203
2020,0.98,256,1,島尻郡伊是名村,601,0.9900166389351082,0.9900166389351082
2020,0.98,257,1,島尻郡久米島町,3002,0.9990006662225184,0.9990006662225184
2020,0.98,258,1,宮古郡多良間村,549,0.9890710382513661,0.9890710382513661
2020,0.98,259,1,八重山郡竹富町,1869,0.9903691813804173,0.9903691813804173
2020,0.98,260,1,八重山郡与那国町,827,1,1
2020,0.977,42,1,檜山振興局奥尻町,984,0.9969512195121951,0.9969512195121951
2020,0.977,43,1,宗谷総合振興局礼文町,1302,1,1
2020,0.977,44,2,宗谷総合振興局利尻町; 宗谷総合振興局利尻富士町,2101,0.9981469152846976,0.9980961446930033
2020,0.977,225,1,大島支庁大島町,3026,0.9943820224719101,0.9943820224719101
2020,0.977,226,1,大島支庁利島村,197,0.9898477157360406,0.9898477157360406
2020,0.977,227,1,大島支庁新島村,1135,0.9964757709251101,0.9964757709251101
2020,0.977,228,1,大島支庁神津島村,877,0.9931584948688712,0.9931584948688712
2020,0.977,229,1,三宅支庁三宅村,1102,0.9981851179673321,0.9981851179673321
2020,0.977,230,1,三宅支庁御蔵島村,183,1,1
2020,0.977,231,1,八丈支庁八丈町,2906,0.996214728148658,0.996214728148658
2020,0.977,232,1,八丈支庁青ヶ島村,114,0.9912280701754386,0.9912280701754386
2020,0.977,233,1,小笠原支庁小笠原村,1449,0.9972394755003451,0.9972394755003451
2020,0.977,234,1,佐渡市,21936,0.9971280087527352,0.9971280087527352
2020,0.977,235,1,岩船郡粟島浦村,179,0.994413407821229,0.994413407821229
2020,0.977,236,1,隠岐郡海士町,975,0.9682051282051282,0.9682051282051282
2020,0.977,237,1,隠岐郡西ノ島町,1151,0.9652476107732406,0.9652476107732406
2020,0.977,238,1,隠岐郡知夫村,252,0.9325396825396826,0.9325396825396826
2020,0.977,239,1,隠岐郡隠岐の島町,5358,0.990481522956327,0.990481522956327
2020,0.977,240,1,豊田郡大崎上島町,2497,0.9315178213856627,0.9315178213856627
2020,0.977,241,2,小豆郡土庄町; 小豆郡小豆島町,10710,0.9702448274822053,0.9705882352941176
2020,0.977,242,1,香川郡直島町,1266,0.9684044233807267,0.9684044233807267
2020,0.977,243,1,越智郡上島町,2269,0.7875716174526223,0.7875716174526223
2020,0.977,244,1,対馬市,11612,0.9981915260075783,0.9981915260075783
2020,0.977,245,1,壱岐市,9845,0.986389029964449,0.986389029964449
2020,0.977,246,1,五島市,12915,0.9904761904761905,0.9904761904761905
2020,0.977,247,1,北松浦郡小値賀町,885,0.9943502824858758,0.9943502824858758
2020,0.977,248,1,南松浦郡新上五島町,6733,0.9518788058814793,0.9518788058814793
2020,0.977,249,1,東国東郡姫島村,629,0.8600953895071543,0.8600953895071543
2020,0.977,250,3,西之表市; 熊毛郡中種子町; 熊毛郡南種子町,12994,0.998416065114609,0.9982299522856704
2020,0.977,251,5,奄美市; 大島郡大和村; 大島郡宇検村; 大島郡瀬戸内町; 大島郡龍郷町,23775,0.9982663613459702,0.9975604626708727
2020,0.977,252,1,鹿児島郡三島村,181,0.994475138121547,0.994475138121547
2020,0.977,253,1,鹿児島郡十島村,313,0.9968051118210862,0.9968051118210862
2020,0.977,254,1,熊毛郡屋久島町,5070,0.9986193293885601,0.9986193293885601
2020,0.977,255,1,大島郡喜界町,2913,0.9972536903535874,0.9972536903535874
2020,0.977,256,3,大島郡徳之島町; 大島郡天城町; 大島郡伊仙町,8977,0.9974010243656616,0.9975492926367383
2020,0.977,257,2,大島郡和泊町; 大島郡知名町,5587,0.998751188494053,0.9987470914623232
2020,0.977,258,1,大島郡与論町,2328,0.9982817869415808,0.9982817869415808
2020,0.977,261,1,石垣市,16344,0.9899045521292217,0.9899045521292217
2020,0.977,262,1,宮古島市,20592,0.9981060606060606,0.9981060606060606
2020,0.977,263,1,国頭郡伊江村,1930,0.9922279792746114,0.9922279792746114
2020,0.977,264,1,島尻郡渡嘉敷村,383,0.9921671018276762,0.9921671018276762
2020,0.977,265,1,島尻郡座間味村,505,0.996039603960396,0.996039603960396
2020,0.977,266,1,島尻郡粟国村,309,0.9805825242718447,0.9805825242718447
2020,0.977,267,1,島尻郡渡名喜村,171,0.9707602339181286,0.9707602339181286
2020,0.977,268,1,島尻郡南大東村,750,0.9906666666666667,0.9906666666666667
2020,0.977,269,1,島尻郡北大東村,379,1,1
2020,0.977,270,1,島尻郡伊平屋村,589,0.9932088285229203,0.9932088285229203
2020,0.977,271,1,島尻郡伊是名村,601,0.9900166389351082,0.9900166389351082
2020,0.977,272,1,島尻郡久米島町,3002,0.9990006662225184,0.9990006662225184
2020,0.977,273,1,宮古郡多良間村,549,0.9890710382513661,0.9890710382513661
2020,0.977,274,1,八重山郡竹富町,1869,0.9903691813804173,0.9903691813804173
2020,0.977,275,1,八重山郡与那国町,827,1,1
